typeId:ID(Type),:LABEL
ArcheologicalSite,Type
CulturalSite,Type
PlaceOfInterest,Type
PointOfInterest,Type
ParkAndGarden,Type
ReligiousSite,Type
FastFoodRestaurant,Type
FoodEstablishment,Type
Restaurant,Type
ConvenientService,Type
ElectricVehicleChargingPoint,Type
Parking,Type
Transport,Type
LocalTouristOffice,Type
TouristInformationCenter,Type
Library,Type
olo:OrderedList,Type
CyclingTour,Type
Tour,Type
WalkingTour,Type
Store,Type
BrasserieOrTavern,Type
ProfessionalTourGuide,Type
RemembranceSite,Type
CulturalEvent,Type
EntertainmentAndEvent,Type
ShowEvent,Type
TheaterEvent,Type
CaveSinkholeOrAven,Type
Forest,Type
NaturalCuriosity,Type
NaturalHeritage,Type
PointOfView,Type
CraftsmanShop,Type
ArtGalleryOrExhibitionGallery,Type
BistroOrWineBar,Type
LeisureComplex,Type
SportsAndLeisurePlace,Type
Practice,Type
Product,Type
Traineeship,Type
BarOrPub,Type
CafeOrTeahouse,Type
Concert,Type
RemarkableBuilding,Type
AccommodationProduct,Type
ActivityProvider,Type
HouseBoat,Type
Visit,Type
VisualArtsEvent,Type
CityHeritage,Type
Producer,Type
TastingProvider,Type
Farmer,Type
InterpretationCentre,Type
FluvialTour,Type
CrossCountrySkiResort,Type
Brewery,Type
GourmetRestaurant,Type
ChalkyLawn,Type
Marina,Type
RiverPort,Type
Accommodation,Type
Hotel,Type
HotelRestaurant,Type
HotelTrade,Type
ZooAnimalPark,Type
Bakery,Type
SwimmingPool,Type
Rally,Type
SportsEvent,Type
FitnessPath,Type
Lake,Type
Pond,Type
Exhibition,Type
District,Type
ProducersGroup,Type
Trader,Type
Bog,Type
Swamp,Type
NauticalCentre,Type
MilitaryCemetery,Type
PlayArea,Type
Museum,Type
Theater,Type
ArtistSigning,Type
Cinema,Type
HorseTour,Type
LocalAnimation,Type
SocialEvent,Type
GolfCourse,Type
IndustrialSite,Type
TechnicalHeritage,Type
SportsCompetition,Type
Castle,Type
SelfServiceCafeteria,Type
Rambling,Type
River,Type
FarmhouseInn,Type
Conference,Type
Market,Type
SaleEvent,Type
MiniGolf,Type
NightClub,Type
Beach,Type
SightseeingBoat,Type
Cooperative,Type
DownhillSkiResort,Type
Festival,Type
ScreeningEvent,Type
RoadTour,Type
Source,Type
Waterfall,Type
ThemePark,Type
BilliardRoom,Type
BowlingAlley,Type
Game,Type
Casino,Type
DepartementTourismCommittee,Type
IceSkatingRink,Type
FitnessCenter,Type
TrainStation,Type
VivariumAquarium,Type
Airport,Type
Commemoration,Type
FairOrShow,Type
TouristTrain,Type
Racetrack,Type
HalophilicArea,Type
ServiceProvider,Type
Transporter,Type
Parade,Type
IceCreamShop,Type
Aqueduct,Type
Bridge,Type
Canal,Type
BoulesPitch,Type
Church,Type
EducationalTrail,Type
NonHousingRealEstateRental,Type
Rental,Type
PicnicArea,Type
Chapel,Type
CivilCemetery,Type
ClimbingWall,Type
Basilica,Type
EquipmentRepairShop,Type
DefenceSite,Type
TrackRollerOrSkateBoard,Type
BalneotherapyCentre,Type
TraditionalCelebration,Type
EquestrianCenter,Type
DownhillSkiRun,Type
Stadium,Type
EquipmentRental,Type
EquipmentRentalShop,Type
BusinessPlace,Type
ConventionCentre,Type
FortifiedCastle,Type
TourOperatorOrTravelAgency,Type
Fountain,Type
CableCarStation,Type
TourismCableCar,Type
CrossCountrySkiTrail,Type
Airfield,Type
LocalProductsShop,Type
Cellar,Type
SquashCourt,Type
TennisComplex,Type
HealthcareProfessional,Type
MedicalPlace,Type
Calvary,Type
Fort,Type
ViaFerrata,Type
TouristBus,Type
Hammam,Type
Stream,Type
Gymnasium,Type
Mill,Type
Cathedral,Type
Abbey,Type
Farm,Type
WashHouse,Type
Ruins,Type
TeachingFarm,Type
Dungeon,Type
PigeonLoft,Type
Tower,Type
PublicLavatories,Type
KidsClub,Type
Palace,Type
Lock,Type
UnderwaterRoute,Type
MultiPurposeRoomOrCommunityRoom,Type
RacingCircuit,Type
IncomingTravelAgency,Type
Pharmacy,Type
Mosque,Type
TaxiCompany,Type
TaxiStation,Type
Mountain,Type
LaunchingRamp,Type
AdventurePark,Type
DepartmentStore,Type
HypermarketAndSupermarket,Type
ShoppingCentreAndGallery,Type
LeftLuggage,Type
Orchard,Type
Glacier,Type
RailBike,Type
SummerToboggan,Type
Mine,Type
Chartreuse,Type
Temple,Type
WaterSource,Type
Collegiate,Type
Cliff,Type
Stone,Type
Valley,Type
Convent,Type
Monastery,Type
Trampoline,Type
HealthcarePlace,Type
BusStop,Type
Col,Type
BricABrac,Type
ConeNeck,Type
Peak,Type
Volcano,Type
ChamberOfCommerceAndIndustry,Type
MegalithDolmenMenhir,Type
LevyOrDike,Type
AntiqueAndSecondhandGoodDealer,Type
OpenDay,Type
Opera,Type
ThalassotherapyCentre,Type
DogSleddingTrail,Type
Cloister,Type
RomanPath,Type
CoveredMarket,Type
ATM,Type
Gorge,Type
CarpoolArea,Type
BusinessEvent,Type
Congress,Type
Seminar,Type
BuddhistTemple,Type
Spa,Type
Synagogue,Type
Commanderie,Type
Bastide,Type
Carnival,Type
TobogganBobsleigh,Type
ElectricBycicleChargingPoint,Type
GarageSale,Type
AlpinePasture,Type
Plateau,Type
Lighthouse,Type
BusStation,Type
Canyon,Type
ReligiousEvent,Type
Arena,Type
Velodrome,Type
PilgrimageAndProcession,Type
Crest,Type
Landes,Type
IslandPeninsula,Type
Cirque,Type
Plain,Type
Coastline,Type
ChildrensEvent,Type
CircusPlace,Type
FreePractice,Type
AccompaniedPractice,Type
Course,Type
DevelopmentCourse,Type
IntroductionCourse,Type
MultiActivity,Type
Culture,Type
BeachClub,Type
House,Type
YachtClub,Type
Citadel,Type
Dune,Type
Tasting,Type
FirstPractice,Type
NaturalPark,Type
Cabaret,Type
FortifiedSet,Type
Bishopric,Type
RegionalTourismCommittee,Type
BoutiqueOrLocalShop,Type
LeisureSportActivityProvider,Type
Reading,Type
TrainingWorkshop,Type
CamperVanArea,Type
CampingAndCaravanning,Type
Recital,Type
SportsDemonstration,Type
RemarkableHouse,Type
Competition,Type
Harvest,Type
RestStop,Type
ServiceArea,Type
StreetFood,Type
FrontonBelotaCourt,Type
SchoolOrTrainingCentre,Type
Cybercafe,Type
GarageOrAirPump,Type
VolunteerTourGuideOrGreeter,Type
CollectiveAccommodation,Type
WifiHotSpot,Type
Stables,Type
Seaport,Type
CulturalActivityProvider,Type
Pier,Type
Hillsides,Type
Cinematheque,Type
RentalAccommodation,Type
SelfCateringAccommodation,Type
SportsClub,Type
Wetland,Type
Camping,Type
Tipi,Type
BikeStationOrDepot,Type
Bocage,Type
Distillery,Type
GroupLodging,Type
Grassland,Type
SportsHall,Type
Auditorium,Type
CarOrBikeWash,Type
Causse,Type
BoatRestaurant,Type
Guesthouse,Type
TableHotes,Type
TourGuideAgency,Type
RVServiceArea,Type
OutstandingTree,Type
CampingCar,Type
CastleAndPrestigeMansion,Type
TerrainPark,Type
Summit,Type
MountainResort,Type
MooringArea,Type
TourismCentre,Type
TriumphalArch,Type
Icefall,Type
