"cityId:ID(City)","name","administration",population:DOUBLE,population_proper:DOUBLE,latitude:DOUBLE,longitude:DOUBLE,":LABEL"
"Paris","Paris","Île-de-France","11060000","2148271","48.8567","2.3522","City"
"Bordeaux","Bordeaux","Nouvelle-Aquitaine","994920","994920","44.84","-0.58","City"
"Rennes","Rennes","Bretagne","225081","225081","48.1147","-1.6794","City"
"Sevran","Sevran","Île-de-France","51845","51845","48.9333","2.5333","City"
"Fontenay-sous-Bois","Fontenay-sous-Bois","Île-de-France","51812","51812","48.8517","2.4772","City"
"Sartrouville","Sartrouville","Île-de-France","51220","51220","48.9372","2.1644","City"
"Massy","Massy","Île-de-France","50962","50962","48.7309","2.2713","City"
"Laval","Laval","Pays de la Loire","49657","49657","48.0733","-0.7689","City"
"Saint-Herblain","Saint-Herblain","Pays de la Loire","49537","49537","47.2122","-1.6497","City"
"Gennevilliers","Gennevilliers","Île-de-France","49410","49410","48.9333","2.3","City"
"Suresnes","Suresnes","Île-de-France","49104","49104","48.87","2.22","City"
"Saint-Priest","Saint-Priest","Auvergne-Rhône-Alpes","48822","48822","45.6964","4.9439","City"
"Vincennes","Vincennes","Île-de-France","48798","48798","48.8478","2.4392","City"
"Toulon","Toulon","Provence-Alpes-Côte d’Azur","180452","180452","43.1258","5.9306","City"
"Bastia","Bastia","Corsica","48768","48768","42.7008","9.4503","City"
"Montrouge","Montrouge","Île-de-France","47657","47657","48.8172","2.3219","City"
"Évreux","Évreux","Normandie","47289","47289","49.02","1.15","City"
"La Courneuve","La Courneuve","Île-de-France","47160","47160","48.9322","2.3967","City"
"Charleville-Mézières","Charleville-Mézières","Grand Est","46398","46398","49.7719","4.7161","City"
"Meudon","Meudon","Île-de-France","46342","46342","48.8123","2.2382","City"
"Choisy-le-Roi","Choisy-le-Roi","Île-de-France","46129","46129","48.763","2.409","City"
"Noisy-le-Sec","Noisy-le-Sec","Île-de-France","46094","46094","48.8894","2.4503","City"
"Livry-Gargan","Livry-Gargan","Île-de-France","46028","46028","48.9192","2.5361","City"
"Rosny-sous-Bois","Rosny-sous-Bois","Île-de-France","45655","45655","48.8667","2.4833","City"
"Reims","Reims","Grand Est","179380","179380","49.2628","4.0347","City"
"Talence","Talence","Nouvelle-Aquitaine","45225","45225","44.8","-0.584","City"
"Belfort","Belfort","Bourgogne-Franche-Comté","45155","45155","47.64","6.85","City"
"Alfortville","Alfortville","Île-de-France","45046","45046","48.805","2.4239","City"
"Chalon-sur-Saône","Chalon-sur-Saône","Bourgogne-Franche-Comté","45031","45031","46.7806","4.8528","City"
"Sète","Sète","Occitanie","44712","44712","43.4053","3.6975","City"
"Mantes-la-Jolie","Mantes-la-Jolie","Île-de-France","44539","44539","48.9908","1.7172","City"
"Saint-Brieuc","Saint-Brieuc","Bretagne","44224","44224","48.5136","-2.7653","City"
"Tarbes","Tarbes","Occitanie","43955","43955","43.23","0.07","City"
"Alès","Alès","Occitanie","43892","43892","44.1281","4.0817","City"
"Châlons-en-Champagne","Châlons-en-Champagne","Grand Est","43877","43877","48.9575","4.365","City"
"Saint-Étienne","Saint-Étienne","Auvergne-Rhône-Alpes","172718","172718","45.4347","4.3903","City"
"Bagneux","Bagneux","Île-de-France","43699","43699","48.7983","2.3137","City"
"Puteaux","Puteaux","Île-de-France","43672","43672","48.885","2.2389","City"
"Caluire-et-Cuire","Caluire-et-Cuire","Auvergne-Rhône-Alpes","43572","43572","45.7953","4.8472","City"
"Bron","Bron","Auvergne-Rhône-Alpes","43049","43049","45.7386","4.9131","City"
"Rezé","Rezé","Pays de la Loire","42998","42998","47.1917","-1.5694","City"
"Valenciennes","Valenciennes","Hauts-de-France","42991","42991","50.3581","3.5233","City"
"Châteauroux","Châteauroux","Centre-Val de Loire","42968","42968","46.8103","1.6911","City"
"Garges-lès-Gonesse","Garges-lès-Gonesse","Île-de-France","42841","42841","48.9728","2.4008","City"
"Arras","Arras","Hauts-de-France","42600","42600","50.292","2.78","City"
"Melun","Melun","Île-de-France","42367","42367","48.5406","2.66","City"
"Le Havre","Le Havre","Normandie","166058","166058","49.49","0.1","City"
"Le Cannet","Le Cannet","Provence-Alpes-Côte d’Azur","41597","41597","43.5769","7.0194","City"
"Bourg-en-Bresse","Bourg-en-Bresse","Auvergne-Rhône-Alpes","41525","41525","46.2056","5.2289","City"
"Anglet","Anglet","Nouvelle-Aquitaine","41153","41153","43.485","-1.5183","City"
"Angoulême","Angoulême","Nouvelle-Aquitaine","41086","41086","45.65","0.16","City"
"Boulogne-sur-Mer","Boulogne-sur-Mer","Hauts-de-France","40910","40910","50.7264","1.6147","City"
"Wattrelos","Wattrelos","Hauts-de-France","40836","40836","50.7","3.217","City"
"Villenave-d’Ornon","Villenave-d’Ornon","Nouvelle-Aquitaine","40500","40500","44.7806","-0.5658","City"
"Stains","Stains","Île-de-France","40359","40359","48.95","2.3833","City"
"Gagny","Gagny","Île-de-France","40189","40189","48.8833","2.5333","City"
"Colomiers","Colomiers","Occitanie","40159","40159","43.6139","1.3367","City"
"Dijon","Dijon","Bourgogne-Franche-Comté","159346","159346","47.3167","5.0167","City"
"Poissy","Poissy","Île-de-France","40016","40016","48.9294","2.0456","City"
"Douai","Douai","Hauts-de-France","39648","39648","50.3714","3.08","City"
"Bagnolet","Bagnolet","Île-de-France","39366","39366","48.8692","2.4181","City"
"Marcq-en-Baroeul","Marcq-en-Baroeul","Hauts-de-France","39356","39356","50.6711","3.0972","City"
"Villepinte","Villepinte","Île-de-France","38725","38725","48.955","2.541","City"
"Saint-Martin-d’Hères","Saint-Martin-d’Hères","Auvergne-Rhône-Alpes","38454","38454","45.1672","5.7653","City"
"Chartres","Chartres","Centre-Val de Loire","38447","38447","48.456","1.484","City"
"Annemasse","Annemasse","Auvergne-Rhône-Alpes","37918","37918","46.1958","6.2364","City"
"Neuilly-sur-Marne","Neuilly-sur-Marne","Île-de-France","37531","37531","48.8537","2.549","City"
"Franconville","Franconville","Île-de-France","37520","37520","48.9889","2.2314","City"
"Grenoble","Grenoble","Auvergne-Rhône-Alpes","157477","157477","45.1715","5.7224","City"
"Savigny-sur-Orge","Savigny-sur-Orge","Île-de-France","37371","37371","48.6797","2.3457","City"
"Thonon-les-Bains","Thonon-les-Bains","Auvergne-Rhône-Alpes","37027","37027","46.3627","6.475","City"
"Échirolles","Échirolles","Auvergne-Rhône-Alpes","36849","36849","45.1436","5.7183","City"
"Châtillon","Châtillon","Île-de-France","36777","36777","48.8","2.29","City"
"Athis-Mons","Athis-Mons","Île-de-France","36222","36222","48.7074","2.3889","City"
"Creil","Creil","Hauts-de-France","36106","36106","49.2583","2.4833","City"
"Conflans-Sainte-Honorine","Conflans-Sainte-Honorine","Île-de-France","35926","35926","48.9992","2.0983","City"
"Villefranche-sur-Saône","Villefranche-sur-Saône","Auvergne-Rhône-Alpes","35913","35913","45.9833","4.7167","City"
"Meyzieu","Meyzieu","Auvergne-Rhône-Alpes","35882","35882","45.7667","5.0036","City"
"Sainte-Geneviève-des-Bois","Sainte-Geneviève-des-Bois","Île-de-France","35846","35846","48.6369","2.3403","City"
"Angers","Angers","Pays de la Loire","157175","157175","47.4736","-0.5542","City"
"Villeneuve-Saint-Georges","Villeneuve-Saint-Georges","Île-de-France","35492","35492","48.7325","2.4497","City"
"Châtenay-Malabry","Châtenay-Malabry","Île-de-France","34898","34898","48.7653","2.2781","City"
"Palaiseau","Palaiseau","Île-de-France","34893","34893","48.7145","2.2457","City"
"Roanne","Roanne","Auvergne-Rhône-Alpes","34762","34762","46.0367","4.0689","City"
"Le Perreux-Sur-Marne","Le Perreux-Sur-Marne","Île-de-France","34213","34213","48.8422","2.5036","City"
"Schiltigheim","Schiltigheim","Grand Est","34129","34129","48.6078","7.75","City"
"Les Mureaux","Les Mureaux","Île-de-France","33977","33977","48.9875","1.9172","City"
"Trappes","Trappes","Île-de-France","33717","33717","48.7775","2.0025","City"
"Nogent-sur-Marne","Nogent-sur-Marne","Île-de-France","33472","33472","48.8375","2.4833","City"
"Houilles","Houilles","Île-de-France","33449","33449","48.9261","2.1892","City"
"Villeurbanne","Villeurbanne","Auvergne-Rhône-Alpes","156928","156928","45.7667","4.8803","City"
"Montluçon","Montluçon","Auvergne-Rhône-Alpes","33342","33342","46.3408","2.6033","City"
"Romainville","Romainville","Île-de-France","33266","33266","48.884","2.435","City"
"Nevers","Nevers","Bourgogne-Franche-Comté","32830","32830","46.9933","3.1572","City"
"Lens","Lens","Hauts-de-France","32618","32618","50.4322","2.8333","City"
"Agen","Agen","Nouvelle-Aquitaine","32485","32485","44.2049","0.6212","City"
"Pierrefitte-sur-Seine","Pierrefitte-sur-Seine","Île-de-France","32379","32379","48.9656","2.3614","City"
"Bezons","Bezons","Île-de-France","32017","32017","48.9261","2.2178","City"
"Aix-les-Bains","Aix-les-Bains","Auvergne-Rhône-Alpes","31874","31874","45.6886","5.915","City"
"Montigny-le-Bretonneux","Montigny-le-Bretonneux","Île-de-France","31777","31777","48.7711","2.0333","City"
"Cambrai","Cambrai","Hauts-de-France","31425","31425","50.1767","3.2356","City"
"Nîmes","Nîmes","Occitanie","148104","148104","43.8383","4.3597","City"
"L’Haÿ-les-Roses","L’Haÿ-les-Roses","Île-de-France","31392","31392","48.78","2.3374","City"
"Plaisir","Plaisir","Île-de-France","31375","31375","48.8183","1.9472","City"
"Pontoise","Pontoise","Île-de-France","31327","31327","49.0516","2.1017","City"
"Rillieux-la-Pape","Rillieux-la-Pape","Auvergne-Rhône-Alpes","31247","31247","45.8214","4.8983","City"
"Thiais","Thiais","Île-de-France","31097","31097","48.765","2.3923","City"
"Vigneux-sur-Seine","Vigneux-sur-Seine","Île-de-France","31050","31050","48.7001","2.417","City"
"Viry-Châtillon","Viry-Châtillon","Île-de-France","31045","31045","48.6713","2.375","City"
"Saint-Laurent-du-Var","Saint-Laurent-du-Var","Provence-Alpes-Côte d’Azur","30941","30941","43.668","7.188","City"
"Bègles","Bègles","Nouvelle-Aquitaine","30813","30813","44.8086","-0.5478","City"
"Goussainville","Goussainville","Île-de-France","30693","30693","49.0325","2.4747","City"
"Marseille","Marseille","Provence-Alpes-Côte d’Azur","873076","873076","43.2964","5.37","City"
"Aix-en-Provence","Aix-en-Provence","Provence-Alpes-Côte d’Azur","147478","147478","43.5263","5.4454","City"
"Villiers-sur-Marne","Villiers-sur-Marne","Île-de-France","30669","30669","48.8275","2.5447","City"
"Cachan","Cachan","Île-de-France","30592","30592","48.7919","2.3319","City"
"Savigny-le-Temple","Savigny-le-Temple","Île-de-France","30510","30510","48.5841","2.5832","City"
"Menton","Menton","Provence-Alpes-Côte d’Azur","30412","30412","43.775","7.5","City"
"Villemomble","Villemomble","Île-de-France","30332","30332","48.8833","2.5","City"
"Malakoff","Malakoff","Île-de-France","30292","30292","48.8172","2.2992","City"
"Liévin","Liévin","Hauts-de-France","30149","30149","50.4228","2.7786","City"
"La Garenne-Colombes","La Garenne-Colombes","Île-de-France","29932","29932","48.9056","2.2445","City"
"Ris-Orangis","Ris-Orangis","Île-de-France","29825","29825","48.6537","2.4161","City"
"Bois-Colombes","Bois-Colombes","Île-de-France","29765","29765","48.9175","2.2683","City"
"Clermont-Ferrand","Clermont-Ferrand","Auvergne-Rhône-Alpes","147327","147327","45.7831","3.0824","City"
"Clichy-sous-Bois","Clichy-sous-Bois","Île-de-France","29735","29735","48.9102","2.5532","City"
"Décines-Charpieu","Décines-Charpieu","Auvergne-Rhône-Alpes","29731","29731","45.7694","4.9594","City"
"Saint-Cloud","Saint-Cloud","Île-de-France","29727","29727","48.84","2.22","City"
"Chatou","Chatou","Île-de-France","29649","29649","48.8897","2.1573","City"
"Vandœuvre-lès-Nancy","Vandœuvre-lès-Nancy","Grand Est","29537","29537","48.6567","6.1683","City"
"Périgueux","Périgueux","Nouvelle-Aquitaine","29516","29516","45.1929","0.7217","City"
"Charenton-le-Pont","Charenton-le-Pont","Île-de-France","29445","29445","48.8265","2.405","City"
"Tournefeuille","Tournefeuille","Occitanie","29439","29439","43.5853","1.3442","City"
"Guyancourt","Guyancourt","Île-de-France","29406","29406","48.7714","2.0739","City"
"Le Plessis-Robinson","Le Plessis-Robinson","Île-de-France","29228","29228","48.7811","2.2633","City"
"Le Mans","Le Mans","Pays de la Loire","145004","145004","48.0077","0.1984","City"
"Draveil","Draveil","Île-de-France","29173","29173","48.6852","2.408","City"
"Maubeuge","Maubeuge","Hauts-de-France","29066","29066","50.2775","3.9734","City"
"Ermont","Ermont","Île-de-France","28987","28987","48.9922","2.2603","City"
"Sotteville-lès-Rouen","Sotteville-lès-Rouen","Normandie","28965","28965","49.4092","1.09","City"
"Villiers-le-Bel","Villiers-le-Bel","Île-de-France","28836","28836","49.0094","2.3911","City"
"Fresnes","Fresnes","Île-de-France","28780","28780","48.755","2.3221","City"
"Soissons","Soissons","Hauts-de-France","28705","28705","49.3817","3.3236","City"
"Yerres","Yerres","Île-de-France","28699","28699","48.7171","2.4881","City"
"Saint-Étienne-du-Rouvray","Saint-Étienne-du-Rouvray","Normandie","28508","28508","49.3786","1.105","City"
"Dieppe","Dieppe","Normandie","28358","28358","49.925","1.075","City"
"Brest","Brest","Bretagne","139619","139619","48.39","-4.49","City"
"Saint-Sébastien-sur-Loire","Saint-Sébastien-sur-Loire","Pays de la Loire","28283","28283","47.2081","-1.5014","City"
"Vallauris","Vallauris","Provence-Alpes-Côte d’Azur","28025","28025","43.5805","7.0538","City"
"Vanves","Vanves","Île-de-France","28014","28014","48.8208","2.2897","City"
"Lomme","Lomme","Hauts-de-France","28006","28006","50.6358","3.0142","City"
"Limeil-Brévannes","Limeil-Brévannes","Île-de-France","27999","27999","48.7464","2.4883","City"
"Montfermeil","Montfermeil","Île-de-France","27980","27980","48.9","2.5667","City"
"Le Chesnay","Le Chesnay","Île-de-France","27683","27683","48.8211","2.1311","City"
"Sucy-en-Brie","Sucy-en-Brie","Île-de-France","27622","27622","48.7697","2.5228","City"
"Grigny","Grigny","Île-de-France","27257","27257","48.6562","2.3849","City"
"Lambersart","Lambersart","Hauts-de-France","27121","27121","50.65","3.025","City"
"Tours","Tours","Centre-Val de Loire","137658","137658","47.3936","0.6892","City"
"Brétigny-sur-Orge","Brétigny-sur-Orge","Île-de-France","27106","27106","48.6114","2.3059","City"
"Taverny","Taverny","Île-de-France","27025","27025","49.0264","2.2275","City"
"Oullins","Oullins","Auvergne-Rhône-Alpes","26994","26994","45.7142","4.8075","City"
"Villeparisis","Villeparisis","Île-de-France","26822","26822","48.9503","2.6025","City"
"Cenon","Cenon","Nouvelle-Aquitaine","26778","26778","44.8578","-0.5317","City"
"Sannois","Sannois","Île-de-France","26768","26768","48.9722","2.2578","City"
"Cormeilles-en-Parisis","Cormeilles-en-Parisis","Île-de-France","26741","26741","48.9739","2.2014","City"
"Bussy-Saint-Georges","Bussy-Saint-Georges","Île-de-France","26571","26571","48.8422","2.6983","City"
"Blagnac","Blagnac","Occitanie","26466","26466","43.6364","1.3906","City"
"Élancourt","Élancourt","Île-de-France","26082","26082","48.7847","1.9589","City"
"Amiens","Amiens","Hauts-de-France","133625","133625","49.892","2.299","City"
"Le Grand-Quevilly","Le Grand-Quevilly","Normandie","25975","25975","49.4072","1.0531","City"
"La Garde","La Garde","Provence-Alpes-Côte d’Azur","25912","25912","43.1256","6.0108","City"
"Gradignan","Gradignan","Nouvelle-Aquitaine","25835","25835","44.7725","-0.6156","City"
"Vichy","Vichy","Auvergne-Rhône-Alpes","25789","25789","46.1278","3.4267","City"
"Biarritz","Biarritz","Nouvelle-Aquitaine","25764","25764","43.48","-1.56","City"
"Champs-Sur-Marne","Champs-Sur-Marne","Île-de-France","25695","25695","48.8529","2.6027","City"
"Armentières","Armentières","Hauts-de-France","25581","25581","50.6881","2.8811","City"
"Montbéliard","Montbéliard","Bourgogne-Franche-Comté","25573","25573","47.51","6.8","City"
"Alençon","Alençon","Normandie","25555","25555","48.4306","0.0931","City"
"Brunoy","Brunoy","Île-de-France","25423","25423","48.6979","2.5044","City"
"Annecy","Annecy","Auvergne-Rhône-Alpes","131715","131715","45.916","6.133","City"
"Eaubonne","Eaubonne","Île-de-France","25373","25373","48.9922","2.2806","City"
"Villeneuve-la-Garenne","Villeneuve-la-Garenne","Île-de-France","25371","25371","48.9372","2.3278","City"
"Cherbourg","Cherbourg","Normandie","25370","25370","49.63","-1.62","City"
"Saint-Ouen-l’Aumône","Saint-Ouen-l’Aumône","Île-de-France","25023","25023","49.0447","2.1111","City"
"Béthune","Béthune","Hauts-de-France","24992","24992","50.5303","2.6408","City"
"Castelnau-le-Lez","Castelnau-le-Lez","Occitanie","24888","24888","43.6369","3.9019","City"
"Fontenay-aux-Roses","Fontenay-aux-Roses","Île-de-France","24772","24772","48.7893","2.2888","City"
"Orly","Orly","Île-de-France","24482","24482","48.7439","2.3928","City"
"Le Kremlin-Bicêtre","Le Kremlin-Bicêtre","Île-de-France","24380","24380","48.81","2.3581","City"
"Eysines","Eysines","Nouvelle-Aquitaine","24374","24374","44.8853","-0.65","City"
"Limoges","Limoges","Nouvelle-Aquitaine","129760","129760","45.8353","1.2625","City"
"Le Bouscat","Le Bouscat","Nouvelle-Aquitaine","24339","24339","44.8651","-0.5996","City"
"Rodez","Rodez","Occitanie","24207","24207","44.3506","2.575","City"
"Les Pavillons-sous-Bois","Les Pavillons-sous-Bois","Île-de-France","24165","24165","48.9","2.5","City"
"La Valette-du-Var","La Valette-du-Var","Provence-Alpes-Côte d’Azur","23955","23955","43.1383","5.9831","City"
"Montgeron","Montgeron","Île-de-France","23800","23800","48.7039","2.4605","City"
"Les Lilas","Les Lilas","Île-de-France","23469","23469","48.88","2.42","City"
"Lormont","Lormont","Nouvelle-Aquitaine","23291","23291","44.8792","-0.5217","City"
"Maisons-Laffitte","Maisons-Laffitte","Île-de-France","23080","23080","48.9469","2.1456","City"
"Roissy-en-Brie","Roissy-en-Brie","Île-de-France","23061","23061","48.7906","2.6519","City"
"Loos","Loos","Hauts-de-France","23013","23013","50.6128","3.0144","City"
"Metz","Metz","Grand Est","120874","120874","49.1203","6.1778","City"
"Fontaine","Fontaine","Auvergne-Rhône-Alpes","22891","22891","45.1939","5.6856","City"
"Dammarie-lè-Lys","Dammarie-lè-Lys","Île-de-France","22845","22845","48.5177","2.6402","City"
"Vélizy-Villacoublay","Vélizy-Villacoublay","Île-de-France","22713","22713","48.7834","2.1834","City"
"Tassin-la-Demi-Lune","Tassin-la-Demi-Lune","Auvergne-Rhône-Alpes","22676","22676","45.764","4.78","City"
"Sèvres","Sèvres","Île-de-France","22618","22618","48.8239","2.2117","City"
"Montigny-lès-Cormeilles","Montigny-lès-Cormeilles","Île-de-France","22603","22603","48.9944","2.1958","City"
"Deuil-la-Barre","Deuil-la-Barre","Île-de-France","22510","22510","48.9767","2.3272","City"
"La Madeleine","La Madeleine","Hauts-de-France","22488","22488","50.6558","3.071","City"
"Torcy","Torcy","Île-de-France","22444","22444","48.8502","2.6508","City"
"Montereau-faut-Yonne","Montereau-faut-Yonne","Île-de-France","22259","22259","48.3853","2.9508","City"
"Boulogne-Billancourt","Boulogne-Billancourt","Île-de-France","119808","119808","48.8352","2.2409","City"
"Combs-la-Ville","Combs-la-Ville","Île-de-France","22240","22240","48.67","2.56","City"
"Hérouville-Saint-Clair","Hérouville-Saint-Clair","Normandie","22227","22227","49.2044","-0.3253","City"
"Montmorency","Montmorency","Île-de-France","21870","21870","48.9906","2.3228","City"
"Sainte-Foy-lès-Lyon","Sainte-Foy-lès-Lyon","Auvergne-Rhône-Alpes","21858","21858","45.7336","4.8025","City"
"Montigny-lès-Metz","Montigny-lès-Metz","Grand Est","21854","21854","49.1006","6.1539","City"
"Le Petit-Quevilly","Le Petit-Quevilly","Normandie","21782","21782","49.4311","1.0539","City"
"Saint-Jean-de-Braye","Saint-Jean-de-Braye","Centre-Val de Loire","21700","21700","47.9128","1.9719","City"
"Arcueil","Arcueil","Île-de-France","21557","21557","48.8075","2.3361","City"
"Mons-en-Baroeul","Mons-en-Baroeul","Hauts-de-France","21467","21467","50.6369","3.1103","City"
"Fleury-les-Aubrais","Fleury-les-Aubrais","Centre-Val de Loire","21438","21438","47.9312","1.921","City"
"Lyon","Lyon","Auvergne-Rhône-Alpes","522250","522250","45.76","4.84","City"
"Perpignan","Perpignan","Occitanie","119656","119656","42.6986","2.8956","City"
"Saint-Michel-sur-Orge","Saint-Michel-sur-Orge","Île-de-France","21437","21437","48.6303","2.3025","City"
"Neuilly-Plaisance","Neuilly-Plaisance","Île-de-France","21415","21415","48.8619","2.5064","City"
"Nogent-sur-Oise","Nogent-sur-Oise","Hauts-de-France","21382","21382","49.2756","2.4683","City"
"Mantes-la-Ville","Mantes-la-Ville","Île-de-France","21376","21376","48.975","1.7117","City"
"Achères","Achères","Île-de-France","21368","21368","48.9602","2.0684","City"
"Saint-Mandé","Saint-Mandé","Île-de-France","21195","21195","48.8422","2.4186","City"
"Villeneuve-le-Roi","Villeneuve-le-Roi","Île-de-France","21129","21129","48.7333","2.4167","City"
"Saint-Cyr-l’École","Saint-Cyr-l’École","Île-de-France","20971","20971","48.8008","2.0633","City"
"Saint-Genis-Laval","Saint-Genis-Laval","Auvergne-Rhône-Alpes","20929","20929","45.6953","4.7931","City"
"Saint-Gratien","Saint-Gratien","Île-de-France","20866","20866","48.9719","2.2828","City"
"Besançon","Besançon","Bourgogne-Franche-Comté","119198","119198","47.24","6.02","City"
"Wasquehal","Wasquehal","Hauts-de-France","20836","20836","50.6694","3.1308","City"
"Halluin","Halluin","Hauts-de-France","20829","20829","50.7836","3.1256","City"
"Bourg-la-Reine","Bourg-la-Reine","Île-de-France","20810","20810","48.7796","2.3151","City"
"Morsang-sur-Orge","Morsang-sur-Orge","Île-de-France","20785","20785","48.6618","2.3461","City"
"Croix","Croix","Hauts-de-France","20778","20778","50.6781","3.1508","City"
"Coudekerque-Branche","Coudekerque-Branche","Hauts-de-France","20765","20765","51.0253","2.3917","City"
"Fougères","Fougères","Bretagne","20653","20653","48.3525","-1.1986","City"
"Denain","Denain","Hauts-de-France","20640","20640","50.3294","3.3958","City"
"Longjumeau","Longjumeau","Île-de-France","20620","20620","48.6943","2.2958","City"
"Sceaux","Sceaux","Île-de-France","20488","20488","48.7786","2.2906","City"
"Orléans","Orléans","Centre-Val de Loire","116617","116617","47.9025","1.909","City"
"Saint-Pol-sur-Mer","Saint-Pol-sur-Mer","Hauts-de-France","20479","20479","51.0314","2.3439","City"
"La Celle-Saint-Cloud","La Celle-Saint-Cloud","Île-de-France","20476","20476","48.8411","2.1344","City"
"Joinville-le-Pont","Joinville-le-Pont","Île-de-France","20413","20413","48.8214","2.4728","City"
"Cugnaux","Cugnaux","Occitanie","20341","20341","43.5386","1.3444","City"
"Chevilly-Larue","Chevilly-Larue","Île-de-France","20326","20326","48.7663","2.3533","City"
"Lingolsheim","Lingolsheim","Grand Est","20266","20266","48.56","7.68","City"
"Le Plessis-Trévise","Le Plessis-Trévise","Île-de-France","20218","20218","48.8111","2.5717","City"
"Le Mée-sur-Seine","Le Mée-sur-Seine","Île-de-France","20207","20207","48.5333","2.6289","City"
"Mont-Saint-Aignan","Mont-Saint-Aignan","Normandie","20066","20066","49.463","1.0883","City"
"Chaville","Chaville","Île-de-France","19991","19991","48.8086","2.1886","City"
"Rouen","Rouen","Normandie","114083","114083","49.4428","1.0886","City"
"Chilly-Mazarin","Chilly-Mazarin","Île-de-France","19938","19938","48.7025","2.3125","City"
"Lisieux","Lisieux","Normandie","19807","19807","49.15","0.23","City"
"Ronchin","Ronchin","Hauts-de-France","19437","19437","50.6053","3.0886","City"
"Saint-Fons","Saint-Fons","Auvergne-Rhône-Alpes","19360","19360","45.7086","4.8533","City"
"Moulins","Moulins","Auvergne-Rhône-Alpes","19343","19343","46.5653","3.3333","City"
"Villefontaine","Villefontaine","Auvergne-Rhône-Alpes","19083","19083","45.6142","5.1494","City"
"Gentilly","Gentilly","Île-de-France","19048","19048","48.8133","2.3444","City"
"Bonneuil-sur-Marne","Bonneuil-sur-Marne","Île-de-France","18750","18750","48.7742","2.4875","City"
"Hem","Hem","Hauts-de-France","18713","18713","50.6558","3.1886","City"
"Maurepas","Maurepas","Île-de-France","18611","18611","48.76","1.95","City"
"Saint-Denis","Saint-Denis","Île-de-France","113942","113942","48.9356","2.3539","City"
"Meylan","Meylan","Auvergne-Rhône-Alpes","18573","18573","45.2092","5.78","City"
"Éragny","Éragny","Île-de-France","18468","18468","49.0181","2.0922","City"
"Hellemmes-Lille","Hellemmes-Lille","Hauts-de-France","18437","18437","50.6167","3.1167","City"
"Juvisy-sur-Orge","Juvisy-sur-Orge","Île-de-France","18424","18424","48.6889","2.3783","City"
"Chennevières-sur-Marne","Chennevières-sur-Marne","Île-de-France","18367","18367","48.7983","2.5339","City"
"Écully","Écully","Auvergne-Rhône-Alpes","18361","18361","45.7753","4.7783","City"
"Cran-Gévrier","Cran-Gévrier","Auvergne-Rhône-Alpes","18330","18330","45.9097","6.1107","City"
"Carrières-sous-Poissy","Carrières-sous-Poissy","Île-de-France","18316","18316","48.9486","2.0394","City"
"Rosendaël","Rosendaël","Hauts-de-France","18272","18272","51.0413","2.4037","City"
"Fâches-Thumesnil","Fâches-Thumesnil","Hauts-de-France","18110","18110","50.5994","3.0744","City"
"Montreuil","Montreuil","Île-de-France","111455","111455","48.8611","2.4436","City"
"Soisy-sous-Montmorency","Soisy-sous-Montmorency","Île-de-France","18008","18008","48.9886","2.3006","City"
"Bischheim","Bischheim","Grand Est","17939","17939","48.6144","7.7528","City"
"Garches","Garches","Île-de-France","17898","17898","48.8461","2.1889","City"
"Hendaye","Hendaye","Nouvelle-Aquitaine","17796","17796","43.36","-1.77","City"
"Floirac","Floirac","Nouvelle-Aquitaine","17749","17749","44.8375","-0.5247","City"
"Limay","Limay","Île-de-France","17626","17626","48.9942","1.7367","City"
"Boissy-Saint-Léger","Boissy-Saint-Léger","Île-de-France","17570","17570","48.7511","2.5106","City"
"Le Pontet","Le Pontet","Provence-Alpes-Côte d’Azur","17551","17551","43.965","4.8606","City"
"Chamalières","Chamalières","Auvergne-Rhône-Alpes","17454","17454","45.7744","3.0678","City"
"Bry-sur-Marne","Bry-sur-Marne","Île-de-France","17400","17400","48.8411","2.5222","City"
"Caen","Caen","Normandie","108200","108200","49.1814","-0.3636","City"
"Les Clayes-sous-Bois","Les Clayes-sous-Bois","Île-de-France","17237","17237","48.8167","1.9833","City"
"L’Isle-d’Abeau","L’Isle-d’Abeau","Auvergne-Rhône-Alpes","17206","17206","45.6233","5.2305","City"
"Jouy-le-Moutier","Jouy-le-Moutier","Île-de-France","17175","17175","49.0117","2.0397","City"
"Cluses","Cluses","Auvergne-Rhône-Alpes","17164","17164","46.0611","6.5794","City"
"Firminy","Firminy","Auvergne-Rhône-Alpes","17137","17137","45.3889","4.2878","City"
"Lons-le-Saunier","Lons-le-Saunier","Bourgogne-Franche-Comté","17043","17043","46.6753","5.5544","City"
"Saint-Égrève","Saint-Égrève","Auvergne-Rhône-Alpes","16995","16995","45.2325","5.6836","City"
"Viroflay","Viroflay","Île-de-France","16960","16960","48.8","2.167","City"
"Octeville","Octeville","Normandie","16948","16948","49.6269","-1.6431","City"
"Le Pré-Saint-Gervais","Le Pré-Saint-Gervais","Île-de-France","16865","16865","48.8833","2.4","City"
"Argenteuil","Argenteuil","Île-de-France","107221","107221","48.95","2.25","City"
"Saint-Jean-de-la-Ruelle","Saint-Jean-de-la-Ruelle","Centre-Val de Loire","16594","16594","47.9139","1.8745","City"
"Marly-le-Roi","Marly-le-Roi","Île-de-France","16531","16531","48.8675","2.0947","City"
"Domont","Domont","Île-de-France","16078","16078","49.0283","2.3275","City"
"Vauréal","Vauréal","Île-de-France","16034","16034","49.0353","2.0328","City"
"Orsay","Orsay","Île-de-France","16007","16007","48.6993","2.1875","City"
"Saint-Leu-la-Forêt","Saint-Leu-la-Forêt","Île-de-France","15979","15979","49.0175","2.2472","City"
"Verneuil-sur-Seine","Verneuil-sur-Seine","Île-de-France","15914","15914","48.9806","1.9747","City"
"Petite-Synthe","Petite-Synthe","Hauts-de-France","15911","15911","51.0194","2.3467","City"
"Saint-Julien-en-Genevois","Saint-Julien-en-Genevois","Auvergne-Rhône-Alpes","15840","15840","46.1436","6.0811","City"
"Le Pecq","Le Pecq","Île-de-France","15832","15832","48.8969","2.1069","City"
"Mulhouse","Mulhouse","Grand Est","106341","106341","47.75","7.34","City"
"Le Vésinet","Le Vésinet","Île-de-France","15646","15646","48.8923","2.1331","City"
"Lucé","Lucé","Centre-Val de Loire","15602","15602","48.4389","1.4658","City"
"Wattignies","Wattignies","Hauts-de-France","15531","15531","50.5856","3.0439","City"
"Noisiel","Noisiel","Île-de-France","15461","15461","48.8547","2.6289","City"
"Bois-d’Arcy","Bois-d’Arcy","Île-de-France","15435","15435","48.8","2.03","City"
"Rive-de-Gier","Rive-de-Gier","Auvergne-Rhône-Alpes","15214","15214","45.5303","4.6178","City"
"Saint-Brice-sous-Forêt","Saint-Brice-sous-Forêt","Île-de-France","15209","15209","48.9992","2.3578","City"
"Francheville","Francheville","Auvergne-Rhône-Alpes","15204","15204","45.7364","4.7636","City"
"Longwy","Longwy","Grand Est","15191","15191","49.52","5.7606","City"
"Vesoul","Vesoul","Bourgogne-Franche-Comté","15130","15130","47.6231","6.1558","City"
"Nancy","Nancy","Grand Est","104260","104260","48.6936","6.1846","City"
"Montargis","Montargis","Centre-Val de Loire","15061","15061","47.9978","2.7333","City"
"Carrières-sur-Seine","Carrières-sur-Seine","Île-de-France","15038","15038","48.9108","2.2889","City"
"Ramonville-Saint-Agne","Ramonville-Saint-Agne","Occitanie","14949","14949","43.5434","1.4787","City"
"Castanet-Tolosan","Castanet-Tolosan","Occitanie","14903","14903","43.5164","1.4989","City"
"Le Raincy","Le Raincy","Île-de-France","14877","14877","48.9","2.5167","City"
"Le Bourget","Le Bourget","Île-de-France","14832","14832","48.9353","2.4256","City"
"Illzach","Illzach","Grand Est","14829","14829","47.7831","7.3486","City"
"Montmagny","Montmagny","Île-de-France","14775","14775","48.9744","2.3467","City"
"Villers-lès-Nancy","Villers-lès-Nancy","Grand Est","14761","14761","48.6731","6.1547","City"
"Haubourdin","Haubourdin","Hauts-de-France","14757","14757","50.6097","2.9878","City"
"Toulouse","Toulouse","Occitanie","504078","504078","43.6045","1.444","City"
"Tourcoing","Tourcoing","Hauts-de-France","99011","99011","50.7239","3.1612","City"
"Dinan","Dinan","Bretagne","14675","14675","48.4564","-2.0489","City"
"Lognes","Lognes","Île-de-France","14650","14650","48.836","2.6278","City"
"Saint-Maurice","Saint-Maurice","Île-de-France","14603","14603","48.8156","2.4592","City"
"Verrières-le-Buisson","Verrières-le-Buisson","Île-de-France","14597","14597","48.7464","2.2674","City"
"Arnouville-lès-Gonesse","Arnouville-lès-Gonesse","Île-de-France","14585","14585","48.9878","2.4175","City"
"Saint-Genis-Pouilly","Saint-Genis-Pouilly","Auvergne-Rhône-Alpes","14558","14558","46.2437","6.025","City"
"Les Sables-d’Olonne","Les Sables-d’Olonne","Pays de la Loire","14545","14545","46.4972","-1.7833","City"
"Montesson","Montesson","Île-de-France","14511","14511","48.9085","2.1496","City"
"Valenton","Valenton","Île-de-France","14482","14482","48.745","2.4672","City"
"Chenôve","Chenôve","Bourgogne-Franche-Comté","14445","14445","47.2917","5.0081","City"
"Roubaix","Roubaix","Hauts-de-France","98892","98892","50.6901","3.1817","City"
"Bois-Guillaume","Bois-Guillaume","Normandie","14262","14262","49.4614","1.1092","City"
"Auray","Auray","Bretagne","14222","14222","47.6686","-2.9814","City"
"Persan","Persan","Île-de-France","13996","13996","49.1542","2.2719","City"
"Fleury-Mérogis","Fleury-Mérogis","Île-de-France","13983","13983","48.63","2.362","City"
"Audincourt","Audincourt","Bourgogne-Franche-Comté","13944","13944","47.4836","6.8403","City"
"Montévrain","Montévrain","Île-de-France","13934","13934","48.875","2.7456","City"
"Billère","Billère","Nouvelle-Aquitaine","13866","13866","43.3031","-0.3906","City"
"Lys-lès-Lannoy","Lys-lès-Lannoy","Hauts-de-France","13793","13793","50.6722","3.2153","City"
"Avon","Avon","Île-de-France","13660","13660","48.4097","2.7161","City"
"Vaires-sur-Marne","Vaires-sur-Marne","Île-de-France","13518","13518","48.8667","2.65","City"
"Nanterre","Nanterre","Île-de-France","97351","97351","48.8988","2.1969","City"
"Courcouronnes","Courcouronnes","Île-de-France","13490","13490","48.6239","2.4294","City"
"Fontenay-le-Fleury","Fontenay-le-Fleury","Île-de-France","13455","13455","48.8144","2.0494","City"
"Anzin","Anzin","Hauts-de-France","13422","13422","50.3722","3.505","City"
"Ostwald","Ostwald","Grand Est","13310","13310","48.5425","7.7103","City"
"Outreau","Outreau","Hauts-de-France","13270","13270","50.7044","1.5947","City"
"Andrésy","Andrésy","Île-de-France","13230","13230","48.9817","2.0592","City"
"Morangis","Morangis","Île-de-France","13211","13211","48.7055","2.3326","City"
"Kingersheim","Kingersheim","Grand Est","13178","13178","47.7922","7.3386","City"
"Mouvaux","Mouvaux","Hauts-de-France","13173","13173","50.7039","3.1414","City"
"Saint-André","Saint-André","Hauts-de-France","12942","12942","50.6608","3.045","City"
"Vitry-sur-Seine","Vitry-sur-Seine","Île-de-France","96205","96205","48.7875","2.3928","City"
"Saint-André-les-Vergers","Saint-André-les-Vergers","Grand Est","12775","12775","48.2806","4.0547","City"
"Bayeux","Bayeux","Normandie","12775","12775","49.2794","-0.7028","City"
"Beausoleil","Beausoleil","Provence-Alpes-Côte d’Azur","12674","12674","43.7425","7.4244","City"
"L’Union","L’Union","Occitanie","12358","12358","43.6575","1.4853","City"
"Bully-les-Mines","Bully-les-Mines","Hauts-de-France","12221","12221","50.4425","2.7253","City"
"Riedisheim","Riedisheim","Grand Est","12163","12163","47.7489","7.3675","City"
"Marly","Marly","Hauts-de-France","12024","12024","50.349","3.545","City"
"Craponne","Craponne","Auvergne-Rhône-Alpes","11903","11903","45.7453","4.7233","City"
"Talant","Talant","Bourgogne-Franche-Comté","11894","11894","47.3372","5.0064","City"
"Épinay-sous-Sénart","Épinay-sous-Sénart","Île-de-France","11869","11869","48.6948","2.5147","City"
"Créteil","Créteil","Île-de-France","92989","92989","48.7911","2.4628","City"
"Le Relecq-Kerhuon","Le Relecq-Kerhuon","Bretagne","11791","11791","48.4092","-4.3956","City"
"Villecresnes","Villecresnes","Île-de-France","11779","11779","48.7214","2.5342","City"
"Hœnheim","Hœnheim","Grand Est","11469","11469","48.625","7.7553","City"
"Vitry-le-François","Vitry-le-François","Grand Est","11454","11454","48.7256","4.5853","City"
"Enghien-les-Bains","Enghien-les-Bains","Île-de-France","11440","11440","48.9697","2.3081","City"
"Méricourt","Méricourt","Hauts-de-France","11431","11431","50.4031","2.8667","City"
"Yvetot","Yvetot","Normandie","11385","11385","49.62","0.75","City"
"Dugny","Dugny","Île-de-France","11328","11328","48.95","2.4167","City"
"Bruay-sur-l’Escaut","Bruay-sur-l’Escaut","Hauts-de-France","11309","11309","50.3989","3.5403","City"
"Saint-Germain-lès-Arpajon","Saint-Germain-lès-Arpajon","Île-de-France","11305","11305","48.5946","2.2558","City"
"Poitiers","Poitiers","Nouvelle-Aquitaine","90240","90240","46.58","0.34","City"
"Arpajon","Arpajon","Île-de-France","11281","11281","48.5901","2.2476","City"
"Arcachon","Arcachon","Nouvelle-Aquitaine","11259","11259","44.65","-1.17","City"
"Saint-Jean","Saint-Jean","Occitanie","11243","11243","43.6664","1.5058","City"
"Marquette-lès-Lille","Marquette-lès-Lille","Hauts-de-France","11213","11213","50.6764","3.0667","City"
"Cesson","Cesson","Île-de-France","11140","11140","48.5633","2.6053","City"
"Stiring-Wendel","Stiring-Wendel","Grand Est","11067","11067","49.2","6.93","City"
"Maromme","Maromme","Normandie","11024","11024","49.4825","1.0428","City"
"Ferney-Voltaire","Ferney-Voltaire","Auvergne-Rhône-Alpes","10920","10920","46.2558","6.1081","City"
"Bondoufle","Bondoufle","Île-de-France","10862","10862","48.6145","2.3807","City"
"Le Pont-de-Claix","Le Pont-de-Claix","Auvergne-Rhône-Alpes","10805","10805","45.1289","5.6989","City"
"Aubervilliers","Aubervilliers","Île-de-France","90071","90071","48.9131","2.3831","City"
"Épinay-sur-Orge","Épinay-sur-Orge","Île-de-France","10760","10760","48.6726","2.3239","City"
"Déville-lès-Rouen","Déville-lès-Rouen","Normandie","10745","10745","49.47","1.05","City"
"Chanteloup-les-Vignes","Chanteloup-les-Vignes","Île-de-France","10735","10735","48.9792","2.0319","City"
"Voisins-le-Bretonneux","Voisins-le-Bretonneux","Île-de-France","10721","10721","48.7592","2.0517","City"
"Ville-d’Avray","Ville-d’Avray","Île-de-France","10694","10694","48.8261","2.1933","City"
"Beaumont","Beaumont","Auvergne-Rhône-Alpes","10650","10650","45.7525","3.0836","City"
"Flers-lez-Lille","Flers-lez-Lille","Hauts-de-France","10561","10561","50.6333","3.1333","City"
"Tinqueux","Tinqueux","Grand Est","10552","10552","49.2509","3.9918","City"
"Ormesson-sur-Marne","Ormesson-sur-Marne","Île-de-France","10540","10540","48.7858","2.5383","City"
"Pierre-Bénite","Pierre-Bénite","Auvergne-Rhône-Alpes","10515","10515","45.7036","4.8242","City"
"Colombes","Colombes","Île-de-France","88870","88870","48.9236","2.2522","City"
"Clermont","Clermont","Hauts-de-France","10475","10475","49.3797","2.4133","City"
"Thorigny-sur-Marne","Thorigny-sur-Marne","Île-de-France","10405","10405","48.8788","2.7075","City"
"Croissy-sur-Seine","Croissy-sur-Seine","Île-de-France","10399","10399","48.8783","2.1433","City"
"Villeneuve-Tolosane","Villeneuve-Tolosane","Occitanie","10369","10369","43.5247","1.3425","City"
"Avranches","Avranches","Normandie","10240","10240","48.685","-1.3556","City"
"Pfastatt","Pfastatt","Grand Est","10237","10237","47.7697","7.3025","City"
"Igny","Igny","Île-de-France","10213","10213","48.7421","2.2261","City"
"Oignies","Oignies","Hauts-de-France","10210","10210","50.47","2.9944","City"
"Gaillard","Gaillard","Auvergne-Rhône-Alpes","10175","10175","46.1858","6.2083","City"
"Neuville-en-Ferrain","Neuville-en-Ferrain","Hauts-de-France","10160","10160","50.7472","3.1589","City"
"Dunkerque","Dunkerque","Hauts-de-France","86788","86788","51.0383","2.3775","City"
"Caudebec-lès-Elbeuf","Caudebec-lès-Elbeuf","Normandie","10135","10135","49.2817","1.0222","City"
"Saint-Max","Saint-Max","Grand Est","10073","10073","48.7017","6.2072","City"
"Villerupt","Villerupt","Grand Est","10069","10069","49.4697","5.9286","City"
"Auchel","Auchel","Hauts-de-France","10062","10062","50.5086","2.4744","City"
"Vernouillet","Vernouillet","Île-de-France","10025","10025","48.9728","1.9842","City"
"Aniche","Aniche","Hauts-de-France","9997","9997","50.3306","3.2519","City"
"Eybens","Eybens","Auvergne-Rhône-Alpes","9974","9974","45.1494","5.7508","City"
"Fosses","Fosses","Île-de-France","9929","9929","49.0989","2.5075","City"
"Maxéville","Maxéville","Grand Est","9921","9921","48.7122","6.1639","City"
"Montigny-en-Gohelle","Montigny-en-Gohelle","Hauts-de-France","9870","9870","50.4286","2.9308","City"
"Aulnay-sous-Bois","Aulnay-sous-Bois","Île-de-France","86135","86135","48.9386","2.4906","City"
"Darnétal","Darnétal","Normandie","9738","9738","49.4453","1.1519","City"
"Serris","Serris","Île-de-France","9706","9706","48.8456","2.7878","City"
"Sallaumines","Sallaumines","Hauts-de-France","9650","9650","50.4203","2.8631","City"
"Neuville-lès-Dieppe","Neuville-lès-Dieppe","Normandie","9616","9616","49.9267","1.1014","City"
"Beaumont-sur-Oise","Beaumont-sur-Oise","Île-de-France","9590","9590","49.1431","2.2872","City"
"Leers","Leers","Hauts-de-France","9588","9588","50.6825","3.2447","City"
"Ézanville","Ézanville","Île-de-France","9573","9573","49.0286","2.3617","City"
"Pérols","Pérols","Occitanie","9561","9561","43.5658","3.9511","City"
"Crosne","Crosne","Île-de-France","9532","9532","48.7164","2.458","City"
"Quincy-sous-Sénart","Quincy-sous-Sénart","Île-de-France","9477","9477","48.6714","2.5407","City"
"Nice","Nice","Provence-Alpes-Côte d’Azur","348085","348085","43.7034","7.2663","City"
"Versailles","Versailles","Île-de-France","83587","83587","48.8053","2.135","City"
"Jarville-la-Malgrange","Jarville-la-Malgrange","Grand Est","9374","9374","48.67","6.2067","City"
"Aucamville","Aucamville","Occitanie","9349","9349","43.6697","1.4311","City"
"Hagondange","Hagondange","Grand Est","9321","9321","49.255","6.1686","City"
"Le Crès","Le Crès","Occitanie","9295","9295","43.6481","3.9397","City"
"Bures-sur-Yvette","Bures-sur-Yvette","Île-de-France","9254","9254","48.6969","2.1639","City"
"Évian-les-Bains","Évian-les-Bains","Auvergne-Rhône-Alpes","9214","9214","46.3833","6.5833","City"
"Ville-la-Grand","Ville-la-Grand","Auvergne-Rhône-Alpes","9169","9169","46.2031","6.2475","City"
"Beauchamp","Beauchamp","Île-de-France","9158","9158","49.0144","2.1906","City"
"Magny-le-Hongre","Magny-le-Hongre","Île-de-France","9064","9064","48.8631","2.8133","City"
"Bougival","Bougival","Île-de-France","9031","9031","48.8667","2.1333","City"
"Courbevoic","Courbevoic","Île-de-France","81516","81516","48.8978","2.2531","City"
"Tomblaine","Tomblaine","Grand Est","9019","9019","48.6833","6.2167","City"
"Le Portel","Le Portel","Hauts-de-France","8897","8897","50.7075","1.5744","City"
"Fontaine-lès-Dijon","Fontaine-lès-Dijon","Bourgogne-Franche-Comté","8847","8847","47.3433","5.0206","City"
"Boucau","Boucau","Nouvelle-Aquitaine","8809","8809","43.5244","-1.4853","City"
"Essey-lès-Nancy","Essey-lès-Nancy","Grand Est","8782","8782","48.7067","6.2231","City"
"Wingles","Wingles","Hauts-de-France","8742","8742","50.4947","2.8561","City"
"Montlhéry","Montlhéry","Île-de-France","8670","8670","48.6392","2.2722","City"
"L’Île-Saint-Denis","L’Île-Saint-Denis","Île-de-France","8664","8664","48.9333","2.3333","City"
"Vaucresson","Vaucresson","Île-de-France","8566","8566","48.8392","2.1578","City"
"La Salvetat-Saint-Gilles","La Salvetat-Saint-Gilles","Occitanie","8524","8524","43.5769","1.2722","City"
"La Rochelle","La Rochelle","Nouvelle-Aquitaine","78535","78535","46.16","-1.15","City"
"Pérenchies","Pérenchies","Hauts-de-France","8519","8519","50.6686","2.9731","City"
"Saint-Aubin-lès-Elbeuf","Saint-Aubin-lès-Elbeuf","Normandie","8428","8428","49.2991","1.0127","City"
"Groslay","Groslay","Île-de-France","8416","8416","48.9875","2.3453","City"
"Le Plessis-Bouchard","Le Plessis-Bouchard","Île-de-France","8393","8393","49.0033","2.2375","City"
"Meythet","Meythet","Auvergne-Rhône-Alpes","8327","8327","45.9156","6.0936","City"
"Terrenoire","Terrenoire","Auvergne-Rhône-Alpes","8317","8317","45.4343","4.4377","City"
"Harfleur","Harfleur","Normandie","8315","8315","49.5072","0.1989","City"
"Carbon-Blanc","Carbon-Blanc","Nouvelle-Aquitaine","8300","8300","44.8958","-0.5053","City"
"Courcelles-les-Lens","Courcelles-les-Lens","Hauts-de-France","8213","8213","50.4186","3.0189","City"
"Bihorel","Bihorel","Normandie","8199","8199","49.4553","1.1169","City"
"Rueil-Malmaison","Rueil-Malmaison","Île-de-France","78186","78186","48.876","2.181","City"
"La Tour-du-Pin","La Tour-du-Pin","Auvergne-Rhône-Alpes","8138","8138","45.565","5.4444","City"
"Souffelweyersheim","Souffelweyersheim","Grand Est","8120","8120","48.6356","7.7417","City"
"Billy-Montigny","Billy-Montigny","Hauts-de-France","8117","8117","50.4519","2.9128","City"
"La Ville-du-Bois","La Ville-du-Bois","Île-de-France","8080","8080","48.6611","2.2687","City"
"Coulaines","Coulaines","Pays de la Loire","8003","8003","48.0267","0.2042","City"
"Boussy-Saint-Antoine","Boussy-Saint-Antoine","Île-de-France","7980","7980","48.6886","2.5298","City"
"Le Mesnil-Esnard","Le Mesnil-Esnard","Normandie","7980","7980","49.4117","1.1428","City"
"Talange","Talange","Grand Est","7938","7938","49.2372","6.175","City"
"Cappelle-la-Grande","Cappelle-la-Grande","Hauts-de-France","7899","7899","50.999","2.364","City"
"Beauzelle","Beauzelle","Occitanie","7656","7656","43.6664","1.3783","City"
"Champigny-sur-Marne","Champigny-sur-Marne","Île-de-France","77724","77724","48.8172","2.5156","City"
"Vaujours","Vaujours","Île-de-France","7478","7478","48.9333","2.5667","City"
"Saint-Germain-lès-Corbeil","Saint-Germain-lès-Corbeil","Île-de-France","7472","7472","48.6205","2.4879","City"
"Terville","Terville","Grand Est","7456","7456","49.3453","6.1347","City"
"Waziers","Waziers","Hauts-de-France","7354","7354","50.387","3.113","City"
"Huningue","Huningue","Grand Est","7339","7339","47.5919","7.5844","City"
"Villemoisson-sur-Orge","Villemoisson-sur-Orge","Île-de-France","7120","7120","48.6618","2.3298","City"
"Sainte-Adresse","Sainte-Adresse","Normandie","7116","7116","49.51","0.08","City"
"Guingamp","Guingamp","Bretagne","7105","7105","48.5633","-3.15","City"
"Fontaines-sur-Saône","Fontaines-sur-Saône","Auvergne-Rhône-Alpes","7047","7047","45.836","4.845","City"
"Liancourt","Liancourt","Hauts-de-France","6983","6983","49.3317","2.4661","City"
"Pau","Pau","Nouvelle-Aquitaine","77066","77066","43.3","-0.37","City"
"Courtry","Courtry","Île-de-France","6885","6885","48.9175","2.6031","City"
"Gournay-sur-Marne","Gournay-sur-Marne","Île-de-France","6882","6882","48.8606","2.5772","City"
"Sathonay-Camp","Sathonay-Camp","Auvergne-Rhône-Alpes","6858","6858","45.8242","4.8747","City"
"Jacou","Jacou","Occitanie","6823","6823","43.6614","3.9122","City"
"Beuvrages","Beuvrages","Hauts-de-France","6784","6784","50.3867","3.5064","City"
"Égly","Égly","Île-de-France","6756","6756","48.5798","2.2218","City"
"Carnoux-en-Provence","Carnoux-en-Provence","Provence-Alpes-Côte d’Azur","6747","6747","43.2564","5.5644","City"
"Grenay","Grenay","Hauts-de-France","6704","6704","50.4528","2.7439","City"
"Luisant","Luisant","Centre-Val de Loire","6682","6682","48.4325","1.4772","City"
"Noyelles-sous-Lens","Noyelles-sous-Lens","Hauts-de-France","6659","6659","50.4311","2.8736","City"
"Mérignac","Mérignac","Nouvelle-Aquitaine","75729","75729","44.8386","-0.6436","City"
"La Bassée","La Bassée","Hauts-de-France","6622","6622","50.5342","2.8081","City"
"Neuves-Maisons","Neuves-Maisons","Grand Est","6619","6619","48.6169","6.1044","City"
"La Mulatière","La Mulatière","Auvergne-Rhône-Alpes","6595","6595","45.7281","4.8122","City"
"Bouffémont","Bouffémont","Île-de-France","6584","6584","49.0442","2.3","City"
"La Penne-sur-Huveaune","La Penne-sur-Huveaune","Provence-Alpes-Côte d’Azur","6569","6569","43.2806","5.5158","City"
"Jœuf","Jœuf","Grand Est","6560","6560","49.2306","6.0097","City"
"Cognin","Cognin","Auvergne-Rhône-Alpes","6520","6520","45.563","5.9","City"
"La Montagne","La Montagne","Pays de la Loire","6488","6488","47.1833","-1.6833","City"
"Bonsecours","Bonsecours","Normandie","6455","6455","49.43","1.13","City"
"Saint-Alban","Saint-Alban","Occitanie","6454","6454","43.6928","1.4156","City"
"Saint-Maur-des-Fossés","Saint-Maur-des-Fossés","Île-de-France","75441","75441","48.7994","2.4997","City"
"L’Arbresle","L’Arbresle","Auvergne-Rhône-Alpes","6453","6453","45.8364","4.6178","City"
"Esbly","Esbly","Île-de-France","6402","6402","48.9067","2.8125","City"
"Le Mesnil-le-Roi","Le Mesnil-le-Roi","Île-de-France","6322","6322","48.9375","2.1275","City"
"Fouquières-lès-Lens","Fouquières-lès-Lens","Hauts-de-France","6233","6233","50.4294","2.9136","City"
"La Verrière","La Verrière","Île-de-France","6183","6183","48.7592","1.9631","City"
"Ambilly","Ambilly","Auvergne-Rhône-Alpes","6166","6166","46.194","6.223","City"
"Saint-Priest-en-Jarez","Saint-Priest-en-Jarez","Auvergne-Rhône-Alpes","6164","6164","45.475","4.3789","City"
"Magnanville","Magnanville","Île-de-France","6155","6155","48.9681","1.6828","City"
"Pont-de-Chéruy","Pont-de-Chéruy","Auvergne-Rhône-Alpes","6096","6096","45.7514","5.1736","City"
"Menucourt","Menucourt","Île-de-France","6093","6093","49.0278","1.9819","City"
"Antibes","Antibes","Provence-Alpes-Côte d’Azur","75130","75130","43.5808","7.1239","City"
"Ablon-sur-Seine","Ablon-sur-Seine","Île-de-France","5946","5946","48.7256","2.4211","City"
"Champagne-au-Mont-d’Or","Champagne-au-Mont-d’Or","Auvergne-Rhône-Alpes","5936","5936","45.795","4.791","City"
"Palavas-les-Flots","Palavas-les-Flots","Occitanie","5881","5881","43.5303","3.9314","City"
"Saintry-sur-Seine","Saintry-sur-Seine","Île-de-France","5829","5829","48.5962","2.4929","City"
"Saint-André-de-la-Roche","Saint-André-de-la-Roche","Provence-Alpes-Côte d’Azur","5782","5782","43.7411","7.2883","City"
"Longueau","Longueau","Hauts-de-France","5767","5767","49.8708","2.3569","City"
"Le Port-Marly","Le Port-Marly","Île-de-France","5608","5608","48.8967","2.1106","City"
"Oberhausbergen","Oberhausbergen","Grand Est","5556","5556","48.6072","7.6861","City"
"Heillecourt","Heillecourt","Grand Est","5377","5377","48.6531","6.195","City"
"Crégy-lès-Meaux","Crégy-lès-Meaux","Île-de-France","5354","5354","48.9794","2.8792","City"
"Ajaccio","Ajaccio","Corsica","73822","73822","41.9267","8.7369","City"
"Loison-sous-Lens","Loison-sous-Lens","Hauts-de-France","5255","5255","50.4389","2.8533","City"
"Montaigu","Montaigu","Pays de la Loire","5160","5160","46.9736","-1.3086","City"
"Bassens","Bassens","Auvergne-Rhône-Alpes","5136","5136","45.5756","5.94","City"
"Grand-Fort-Philippe","Grand-Fort-Philippe","Hauts-de-France","4977","4977","50.99","2.11","City"
"Mandres-les-Roses","Mandres-les-Roses","Île-de-France","4825","4825","48.7022","2.5444","City"
"La Frette-sur-Seine","La Frette-sur-Seine","Île-de-France","4621","4621","48.975","2.1794","City"
"Le Ban-Saint-Martin","Le Ban-Saint-Martin","Grand Est","4617","4617","49.1225","6.1511","City"
"Saint-Nicolas","Saint-Nicolas","Hauts-de-France","4603","4603","50.3031","2.7781","City"
"Villiers-sur-Orge","Villiers-sur-Orge","Île-de-France","4584","4584","48.6574","2.3001","City"
"Cap-d’Ail","Cap-d’Ail","Provence-Alpes-Côte d’Azur","4508","4508","43.7219","7.4064","City"
"Nantes","Nantes","Pays de la Loire","323204","323204","47.2181","-1.5528","City"
"Cannes","Cannes","Provence-Alpes-Côte d’Azur","73255","73255","43.5513","7.0128","City"
"Nilvange","Nilvange","Grand Est","4394","4394","49.3428","6.0508","City"
"Leuville-sur-Orge","Leuville-sur-Orge","Île-de-France","4304","4304","48.6175","2.2658","City"
"Jacob-Bellecombette","Jacob-Bellecombette","Auvergne-Rhône-Alpes","4181","4181","45.5582","5.91","City"
"Valras-Plage","Valras-Plage","Occitanie","4167","4167","43.2478","3.2917","City"
"Avesnes-sur-Helpe","Avesnes-sur-Helpe","Hauts-de-France","4118","4118","50.1244","3.9267","City"
"Ascq","Ascq","Hauts-de-France","3999","3999","50.6167","3.1667","City"
"Longeville-lès-Metz","Longeville-lès-Metz","Grand Est","3960","3960","49.1153","6.1361","City"
"Neuville-Saint-Rémy","Neuville-Saint-Rémy","Hauts-de-France","3912","3912","50.1883","3.2231","City"
"Toufflers","Toufflers","Hauts-de-France","3910","3910","50.6617","3.2303","City"
"Mareil-Marly","Mareil-Marly","Île-de-France","3826","3826","48.8825","2.0775","City"
"Saint-Nazaire","Saint-Nazaire","Pays de la Loire","72057","72057","47.2736","-2.2139","City"
"Lourches","Lourches","Hauts-de-France","3814","3814","50.315","3.356","City"
"Beaulieu-sur-Mer","Beaulieu-sur-Mer","Provence-Alpes-Côte d’Azur","3796","3796","43.705","7.33","City"
"Sochaux","Sochaux","Bourgogne-Franche-Comté","3795","3795","47.52","6.83","City"
"Bergues","Bergues","Hauts-de-France","3561","3561","50.9692","2.435","City"
"Barby","Barby","Auvergne-Rhône-Alpes","3553","3553","45.5722","5.9784","City"
"Fort-Mardyck","Fort-Mardyck","Hauts-de-France","3426","3426","51.031","2.3061","City"
"Neauphle-le-Château","Neauphle-le-Château","Île-de-France","3340","3340","48.8153","1.9031","City"
"Saint-Mammès","Saint-Mammès","Île-de-France","3302","3302","48.3893","2.808","City"
"Les Noës-près-Troyes","Les Noës-près-Troyes","Grand Est","3267","3267","48.3031","4.0419","City"
"Pont-à-Vendin","Pont-à-Vendin","Hauts-de-France","3136","3136","50.4744","2.8894","City"
"Drancy","Drancy","Île-de-France","71363","71363","48.93","2.45","City"
"Rouelles","Rouelles","Normandie","3066","3066","49.5208","0.1608","City"
"Paimbœuf","Paimbœuf","Pays de la Loire","3015","3015","47.2833","-2.0333","City"
"Courchelettes","Courchelettes","Hauts-de-France","2881","2881","50.34","3.06","City"
"Éleu-dit-Leauwette","Éleu-dit-Leauwette","Hauts-de-France","2829","2829","50.4217","2.8119","City"
"Port-Louis","Port-Louis","Bretagne","2679","2679","47.7072","-3.3519","City"
"Sainte-Foy-la-Grande","Sainte-Foy-la-Grande","Nouvelle-Aquitaine","2615","2615","44.84","0.22","City"
"Noisy-le-Grand","Noisy-le-Grand","Île-de-France","70374","70374","48.8478","2.5528","City"
"Issy-les-Moulineaux","Issy-les-Moulineaux","Île-de-France","68580","68580","48.8239","2.27","City"
"Cergy","Cergy","Île-de-France","68348","68348","49.0361","2.0631","City"
"Levallois-Perret","Levallois-Perret","Île-de-France","68009","68009","48.895","2.2872","City"
"Calais","Calais","Hauts-de-France","67380","67380","50.9481","1.8564","City"
"Pessac","Pessac","Nouvelle-Aquitaine","66760","66760","44.8067","-0.6311","City"
"Vénissieux","Vénissieux","Auvergne-Rhône-Alpes","66363","66363","45.6969","4.8858","City"
"Montpellier","Montpellier","Occitanie","302454","302454","43.6119","3.8772","City"
"Clichy","Clichy","Île-de-France","64849","64849","48.9044","2.3064","City"
"Valence","Valence","Auvergne-Rhône-Alpes","64483","64483","44.9333","4.8917","City"
"Ivry-sur-Seine","Ivry-sur-Seine","Île-de-France","64001","64001","48.8078","2.3747","City"
"Antony","Antony","Île-de-France","63232","63232","48.7539","2.2975","City"
"Troyes","Troyes","Grand Est","62782","62782","48.2997","4.0792","City"
"La Seyne-sur-Mer","La Seyne-sur-Mer","Provence-Alpes-Côte d’Azur","62763","62763","43.1","5.883","City"
"Pantin","Pantin","Île-de-France","60800","60800","48.8966","2.4017","City"
"Chambéry","Chambéry","Auvergne-Rhône-Alpes","59856","59856","45.57","5.9118","City"
"Neuilly-sur-Seine","Neuilly-sur-Seine","Île-de-France","59267","59267","48.8881","2.2686","City"
"Sarcelles","Sarcelles","Île-de-France","58424","58424","48.9956","2.3808","City"
"Strasbourg","Strasbourg","Grand Est","291313","291313","48.5833","7.7458","City"
"Le Blanc-Mesnil","Le Blanc-Mesnil","Île-de-France","58257","58257","48.9387","2.4614","City"
"Maisons-Alfort","Maisons-Alfort","Île-de-France","58068","58068","48.8058","2.4378","City"
"Lorient","Lorient","Bretagne","57846","57846","47.75","-3.36","City"
"Villejuif","Villejuif","Île-de-France","57753","57753","48.7919","2.3636","City"
"Bellevue","Bellevue","Île-de-France","57699","57699","48.871","2.385","City"
"Beauvais","Beauvais","Hauts-de-France","56677","56677","49.4303","2.0952","City"
"Meaux","Meaux","Île-de-France","55616","55616","48.9603","2.8883","City"
"Bobigny","Bobigny","Île-de-France","55056","55056","48.9106","2.4397","City"
"Clamart","Clamart","Île-de-France","54491","54491","48.8014","2.2628","City"
"Vannes","Vannes","Bretagne","54420","54420","47.6559","-2.7603","City"
"Lille","Lille","Hauts-de-France","236710","236710","50.6278","3.0583","City"
"Chelles","Chelles","Île-de-France","54309","54309","48.8833","2.6","City"
"Évry","Évry","Île-de-France","53641","53641","48.6238","2.4296","City"
"Épinay-sur-Seine","Épinay-sur-Seine","Île-de-France","53489","53489","48.9553","2.3092","City"
"Saint-Ouen","Saint-Ouen","Île-de-France","53207","53207","48.9123","2.3342","City"
"Saint-Quentin","Saint-Quentin","Hauts-de-France","52958","52958","49.8486","3.2864","City"
"Bondy","Bondy","Île-de-France","52905","52905","48.9022","2.4828","City"
"Bayonne","Bayonne","Nouvelle-Aquitaine","52749","52749","43.49","-1.48","City"
"Corbeil-Essonnes","Corbeil-Essonnes","Île-de-France","52683","52683","48.6139","2.482","City"
"Cagnes-sur-Mer","Cagnes-sur-Mer","Provence-Alpes-Côte d’Azur","52580","52580","43.6644","7.1489","City"
"Vaulx-en-Velin","Vaulx-en-Velin","Auvergne-Rhône-Alpes","52139","52139","45.7768","4.9186","City"
